{"cameraMode":{"drawMode":0,"name":"Shaded","section":"Shading Mode"},"sceneLighting":true,"audioPlay":false,"sceneViewState":{"m_AlwaysRefresh":false,"showFog":true,"showSkybox":true,"showFlares":true,"showImageEffects":true,"showParticleSystems":true,"showVisualEffectGraphs":true,"m_FxEnabled":true},"in2DMode":false,"pivot":{"x":374.6757507324219,"y":331.7793273925781,"z":-13.64020824432373},"rotation":{"x":-0.08999422192573548,"y":-0.06508983671665192,"z":0.0058942134492099289,"w":-0.9937952756881714},"size":296.45416259765627,"orthographic":false}