{"cameraMode":{"drawMode":0,"name":"Shaded","section":"Shading Mode"},"sceneLighting":true,"audioPlay":false,"sceneViewState":{"m_AlwaysRefresh":false,"showFog":true,"showSkybox":true,"showFlares":true,"showImageEffects":true,"showParticleSystems":true,"showVisualEffectGraphs":true,"m_FxEnabled":true},"in2DMode":false,"pivot":{"x":-5.616504669189453,"y":1.5177364349365235,"z":0.5328404903411865},"rotation":{"x":0.053706422448158267,"y":0.9453700184822083,"z":-0.20477093756198884,"w":0.2479352355003357},"size":19.40925407409668,"orthographic":false}